<?xml version="1.0" encoding="UTF-8"?>
<metadata modelVersion="1.1.0">
  <groupId>org.akaza.openclinica.odm</groupId>
  <artifactId>openclinica-odm</artifactId>
  <version>0.1.0.BUILD-SNAPSHOT</version>
  <versioning>
    <snapshot>
      <localCopy>true</localCopy>
    </snapshot>
    <lastUpdated>20190725081709</lastUpdated>
    <snapshotVersions>
      <snapshotVersion>
        <extension>jar</extension>
        <value>0.1.0.BUILD-SNAPSHOT</value>
        <updated>20190725081709</updated>
      </snapshotVersion>
      <snapshotVersion>
        <extension>pom</extension>
        <value>0.1.0.BUILD-SNAPSHOT</value>
        <updated>20190725081709</updated>
      </snapshotVersion>
    </snapshotVersions>
  </versioning>
</metadata>
